MemoryAGCRN, train, Torch MSE, 3.3469423510e-02, 0.0334694235
MemoryAGCRN, train, MSE, RMSE, MAE, MAPE, 841639.2558851786, 917.4089905190, 346.3816898047, 6.1910410740
MemoryAGCRN, test, Torch MSE, 4.0211676522e-02, 0.0402116765
all pred steps, MemoryAGCRN, test, MSE, RMSE, MAE, MAPE, 1165559.9096137322, 1079.6109992093, 423.9681686778, 9.5971116172
1 step, MemoryAGCRN, test, MSE, RMSE, MAE, MAPE, 330067.9801226140, 574.5154307089, 269.6097533845, 8.0477700867
2 step, MemoryAGCRN, test, MSE, RMSE, MAE, MAPE, 797499.0539573160, 893.0280252922, 368.4687448234, 9.1510576905
3 step, MemoryAGCRN, test, MSE, RMSE, MAE, MAPE, 1258888.3394791577, 1122.0019338126, 432.2325986733, 9.5715764197
4 step, MemoryAGCRN, test, MSE, RMSE, MAE, MAPE, 1487955.2956833299, 1219.8177305169, 474.1330933514, 10.1486200849
5 step, MemoryAGCRN, test, MSE, RMSE, MAE, MAPE, 1516422.9331971172, 1231.4312539469, 487.6180369452, 10.0585502584
6 step, MemoryAGCRN, test, MSE, RMSE, MAE, MAPE, 1602525.8552428635, 1265.9091022830, 511.7467848889, 10.6050951628
