MemoryAGCRN, train, Torch MSE, 3.8085802533e-02, 0.0380858025
MemoryAGCRN, train, MSE, RMSE, MAE, MAPE, 1730779.9998334385, 1315.5911218283, 519.7772894480, 6.8180123776
MemoryAGCRN, test, Torch MSE, 5.3225840046e-02, 0.0532258400
all pred steps, MemoryAGCRN, test, MSE, RMSE, MAE, MAPE, 6103550.6248853067, 2470.5365054751, 805.7746643687, 9.6182306161
1 step, MemoryAGCRN, test, MSE, RMSE, MAE, MAPE, 1255730.7644795543, 1120.5939338045, 439.5986660496, 7.2215623339
2 step, MemoryAGCRN, test, MSE, RMSE, MAE, MAPE, 2669312.7864833856, 1633.8031663831, 588.1150655588, 7.7994328946
3 step, MemoryAGCRN, test, MSE, RMSE, MAE, MAPE, 4576180.6875982033, 2139.2009460540, 729.9313994263, 8.5653158094
4 step, MemoryAGCRN, test, MSE, RMSE, MAE, MAPE, 7002146.5282901442, 2646.1569356881, 908.7011293152, 10.4004600351
5 step, MemoryAGCRN, test, MSE, RMSE, MAE, MAPE, 9397029.1969886143, 3065.4574205147, 1033.3265288611, 11.4640566488
6 step, MemoryAGCRN, test, MSE, RMSE, MAE, MAPE, 11720903.7854719367, 3423.5805504577, 1134.9751970013, 12.2585559746
